	size	activity	service	receiver	provider	permission	malware
0	2304791	1	1	1	1	2	0
1	23146470	4	2	3	2	14	0
2	23440768	39	11	11	12	22	0
3	13843887	1	1	1	1	1	0
4	13536255	17	1	1	1	2	0
5	9966685	30	8	10	4	12	0
6	4680221	23	7	11	2	29	0
7	503166	13	1	1	1	5	0
8	543317	4	1	1	1	5	0
9	26716373	8	3	2	2	17	0
10	29745591	19	1	1	2	4	0
11	4141835	3	1	1	1	4	0
12	12542799	45	10	9	2	36	0
13	20488675	6	3	8	1	12	0
14	24893438	37	1	1	1	4	0
15	3322195	4	3	4	1	5	0
16	13520492	6	1	1	1	11	0
17	24076385	9	3	5	1	15	0
18	13080709	30	9	12	3	15	0
19	15047903	11	1	1	1	8	0
20	367080	32	1	1	1	5	0
21	18393475	7	1	1	1	5	0
22	929383	2	1	1	1	4	0
23	25010395	7	2	4	1	5	0
24	272353	3	1	1	1	1	0
25	46649415	1	1	1	1	3	0
26	20448010	19	1	1	1	5	0
27	18213377	7	1	1	1	9	0
28	19765671	9	2	4	1	4	0
29	41467132	43	3	4	1	5	0
30	60795401	203	13	12	1	37	0
31	760386	11	1	4	1	13	0
32	15053451	11	1	1	1	8	0
33	4012803	11	3	10	2	11	0
34	24670004	3	1	1	1	4	0
35	2474969	12	1	1	1	2	0
36	12368791	21	2	1	1	7	0
37	9472134	3	1	1	1	2	0
38	10444970	49	8	9	2	29	0
39	5475924	30	5	2	1	9	0
40	17908141	6	3	8	1	12	0
41	29915682	3	1	1	1	3	0
42	21628524	4	1	1	1	1	0
43	19776414	305	54	64	12	42	0
44	819596	54	1	1	1	18	0
45	11897421	33	5	2	1	16	0
46	811377	1	1	1	1	1	0
47	5397840	39	10	22	4	32	0
48	16599329	5	1	1	1	1	0
49	14789759	7	1	1	1	7	0
50	222585	11	1	1	1	2	0
51	14249762	7	1	1	1	7	0
52	197060	4	1	1	1	3	0
53	22121575	7	1	3	1	7	0
54	551091	5	1	1	1	3	0
55	913191	18	1	1	1	3	0
56	239642	1	1	1	1	2	0
57	26089157	2	2	2	1	2	0
58	12387768	6	1	1	1	11	0
59	18275644	9	2	5	1	7	0
60	621188	4	2	2	1	7	0
61	21931434	7	3	4	1	16	0
62	426274	2	1	4	1	8	0
63	9472162	3	1	1	1	2	0
64	35656460	66	17	16	8	25	0
65	39506713	16	1	2	1	5	0
66	143335	3	1	1	1	5	0
67	5082008	35	2	9	2	10	0
68	16155751	14	11	11	1	12	0
69	28964555	12	2	2	1	8	0
70	27677988	14	2	1	1	9	0
71	411416	6	3	2	1	3	0
72	169501	1	1	1	1	1	0
73	883093	3	1	1	1	2	0
74	34593978	3	1	1	1	8	0
75	618465	2	1	1	1	2	0
76	77011342	40	3	4	1	15	0
77	19571243	4	1	1	1	5	0
78	14054016	11	1	1	1	8	0
79	15878190	9	4	2	1	6	0
80	2924588	14	1	1	1	3	0
81	64430079	40	4	8	1	8	0
82	7636262	6	4	3	2	7	0
83	25354613	5	1	1	1	5	0
84	11849639	19	10	9	1	25	0
85	12715172	7	7	7	1	6	0
86	10535277	30	8	10	4	12	0
87	75570616	5	2	4	1	3	0
88	302071	2	1	1	1	1	0
89	780208	2	1	1	1	4	0
90	7621369	35	2	9	1	22	0
91	2339101	6	6	6	1	8	0
92	49631859	11	2	4	1	7	0
93	74128	2	1	1	1	2	0
94	514349	31	1	1	1	1	0
95	833389	1	1	1	1	1	0
96	10413591	8	1	1	1	7	0
97	16117272	20	1	1	1	14	0
98	11629755	11	3	5	1	11	0
99	16722027	3	1	2	1	6	0
100	23259676	5	1	1	1	8	0
101	33045810	1	1	1	1	1	0
102	149264	2	1	1	1	2	0
103	51717981	16	1	4	1	7	0
104	287323	49	1	1	1	2	0
105	88242	1	1	1	1	2	0
106	27086123	10	2	1	1	8	0
107	60969	3	1	1	1	2	0
108	20259593	18	1	1	1	5	0
109	2610328	8	5	3	1	8	0
110	16092981	39	9	11	2	17	0
111	19606214	3	1	1	1	13	0
112	18970836	24	1	4	1	11	0
113	17582907	8	3	4	2	9	0
114	15269701	1	1	1	1	2	0
115	1321555	4	1	1	1	3	0
116	18246782	23	1	1	1	3	0
117	1662530	2	1	1	1	2	0
118	16633907	1	1	1	1	1	0
119	31940068	4	1	5	1	1	0
120	18751303	2	1	1	1	2	0
121	13900304	31	1	1	1	3	0
122	389788	4	1	3	1	3	0
123	2983380	8	1	1	1	2	0
124	8459949	136	35	18	4	20	0
125	557983	4	1	1	1	5	0
126	24824301	370	1	1	1	12	0
127	33238399	52	13	8	4	12	0
128	15125823	11	1	1	1	8	0
129	639798	1	1	1	1	1	0
130	56172	1	1	1	1	2	0
131	2264297	3	1	1	1	3	0
132	46445021	156	23	19	10	46	0
133	23984858	94	19	10	4	11	0
134	13745628	23	11	10	2	14	0
135	20722519	8	1	1	1	3	0
136	976391	2	1	1	1	2	0
137	20657723	61	8	8	5	29	0
138	23141089	125	1	1	1	11	0
139	15063554	11	1	1	1	8	0
140	14348614	7	1	1	1	3	0
141	23890345	54	11	9	3	12	0
142	4332701	20	3	4	2	11	0
143	47343005	2	1	1	1	7	0
144	377221	1	1	1	1	3	0
145	13847143	8	2	5	1	10	0
146	50385105	29	3	6	1	9	0
147	14032654	5	1	1	1	4	0
148	370281	3	1	1	1	3	0
149	59303958	3	1	1	1	2	0
150	7144320	36	8	15	2	10	0
151	9472112	3	1	1	1	2	0
152	45956213	2	1	1	1	7	0
153	630337	14	1	1	1	4	0
154	4248604	3	1	1	1	2	0
155	365629	1	1	1	1	2	0
156	12719359	6	2	3	1	5	0
157	1059235	1	1	1	1	1	0
158	257890	12	1	1	1	1	0
159	11201479	4	1	1	1	1	0
160	13563502	90	12	13	1	8	0
161	913079	1	1	1	1	1	0
162	2665413	7	3	5	1	6	0
163	6417825	52	7	13	1	12	0
164	386781	3	1	1	1	5	0
165	496758	4	1	1	1	2	0
166	19306272	10	1	1	1	6	0
167	9392737	20	1	1	1	9	0
168	126598	1	1	1	1	1	0
169	42415973	28	28	14	9	33	0
170	860276	28	1	1	1	2	0
171	4272973	17	1	1	1	2	0
172	15269982	11	1	1	1	8	0
173	34349	1	1	1	1	1	0
174	712923	13	1	1	1	5	0
175	12466285	2	1	1	1	6	0
176	602937	4	1	1	1	1	0
177	643378	4	2	1	1	9	0
178	1458452	12	6	10	1	24	0
179	6162718	16	2	1	1	6	0
180	5734347	37	11	17	6	19	0
181	12846069	1	1	1	1	1	0
182	44541169	10	1	1	1	6	0
183	405094	4	1	3	1	3	0
184	31886956	44	5	4	1	9	0
185	81554	4	1	1	1	1	0
186	9472144	3	1	1	1	2	0
187	43815942	3	1	1	1	3	0
188	9472071	3	1	1	1	2	0
189	23772502	4	2	6	1	13	0
190	960397	4	1	1	1	4	0
191	21869286	29	1	3	1	9	0
192	13323947	29	6	6	2	6	0
193	13418096	18	20	5	4	17	0
194	27789375	66	27	33	6	30	0
195	15640160	29	3	3	2	4	0
196	33570162	104	19	11	4	16	0
197	13377305	12	1	1	1	7	0
198	12468213	12	1	3	1	6	0
199	31380751	27	4	1	1	7	0
200	33626693	18	1	1	1	4	0
201	17480544	27	16	8	1	9	0
202	13811245	15	8	12	1	21	0
203	301282	1	1	1	1	1	0
204	736574	16	1	1	1	3	0
205	34533912	436	7	4	1	25	0
206	11837779	138	1	2	1	14	0
207	2983268	8	1	1	1	2	0
208	937625	4	1	1	1	1	0
209	918253	1	1	1	1	1	0
210	998284	6	1	1	1	10	0
211	9155770	20	5	5	1	8	0
212	30772675	145	29	16	4	51	0
213	27782255	2	1	1	1	3	0
214	65538887	59	4	8	1	9	0
215	12541405	34	3	15	2	26	0
216	2685879	11	2	3	1	7	0
217	514867	4	1	1	1	3	0
218	33057811	3	1	1	1	3	0
219	52325281	6	1	1	1	9	0
220	15825547	27	12	9	2	10	0
221	1570173	3	1	1	1	2	0
222	10815679	59	29	17	5	37	0
223	292332	8	1	1	1	1	0
224	9472140	3	1	1	1	2	0
225	62967908	132	16	9	12	22	0
226	563580	3	1	2	1	5	0
227	67983	5	1	1	1	1	0
228	30011952	12	3	6	1	10	0
229	1073500	9	1	1	1	11	0
230	2377037	8	4	3	2	7	0
231	247501	3	1	1	1	1	0
232	60274953	9	16	10	1	35	0
233	15115785	12	3	4	1	10	0
234	26289592	119	8	9	1	13	0
235	13826751	6	1	1	1	1	0
236	412160	4	1	3	1	3	0
237	29613620	30	3	3	1	7	0
238	32619831	2	1	1	1	3	0
239	23036327	3	1	1	1	3	0
240	16988271	239	6	6	1	18	0
241	13912882	10	13	10	2	17	0
242	15057102	11	1	1	1	8	0
243	475253	13	1	1	1	3	0
244	180039	1	1	1	1	1	0
245	155370	2	1	1	1	2	0
246	1005450	2	1	1	1	3	0
247	47809974	31	2	1	1	8	0
248	23058996	6	1	1	1	4	0
249	13637193	6	2	3	1	5	0
250	22574901	24	7	6	4	15	0
251	429484	2	1	1	1	6	0
252	98837304	13	3	3	2	10	0
253	29521975	164	45	15	11	26	0
254	9558211	103	12	31	7	46	0
255	13534907	11	1	2	1	6	0
256	50615305	4	1	2	1	16	0
257	397658	4	1	3	1	3	0
258	52296997	12	2	5	1	11	0
259	35779309	7	1	1	1	6	0
260	16035460	66	1	2	1	10	0
261	57573580	29	3	5	1	17	0
262	16467	1	1	1	1	1	0
263	86864	1	1	1	1	1	0
264	32357618	3	1	1	1	1	0
265	460248	1	1	1	1	1	0
266	44495623	117	32	14	14	25	0
267	28176505	4	1	2	1	6	0
268	49392	4	1	1	1	1	0
269	13481517	1	1	1	1	4	0
270	947909	14	1	3	1	13	0
271	25249838	2	1	1	1	3	0
272	2630415	13	3	6	1	14	0
273	979645	8	1	2	1	3	0
274	3610326	9	1	1	1	12	0
275	11858756	3	1	1	1	5	0
276	19047773	65	8	10	1	12	0
277	277481	1	1	1	1	1	0
278	19270955	16	1	1	1	21	0
279	21672987	2	1	1	1	4	0
280	9472114	3	1	1	1	2	0
281	8496700	10	1	1	1	2	0
282	9472048	3	1	1	1	2	0
283	1217110	1	1	1	1	7	0
284	3523015	47	9	18	1	29	0
285	852365	3	1	1	1	15	0
286	27603884	2	1	1	1	3	0
287	27401717	12	2	2	1	5	0
288	24256759	5	1	2	1	10	0
289	9472176	3	1	1	1	2	0
290	93317147	21	9	9	4	7	0
291	697770	1	1	1	1	1	0
292	9831149	22	5	5	2	7	0
293	6285056	26	6	11	2	11	0
294	23014160	2	1	1	1	4	0
295	677461	3	1	1	1	4	0
296	35733062	13	4	1	3	6	0
297	7601509	24	5	4	1	14	0
298	7576082	27	7	11	1	16	0
299	1920381	19	1	1	1	7	0
300	17804048	14	2	3	1	22	0
301	31889344	6	1	1	1	9	0
302	95118051	34	9	11	2	10	0
303	9181721	14	2	1	1	9	0
304	9472157	3	1	1	1	2	0
305	762437	2	1	1	1	1	0
306	7045004	46	5	4	1	10	0
307	29461436	38	4	4	1	31	0
308	30677802	9	1	1	1	6	0
309	204200	1	1	1	1	2	0
310	2158940	20	2	3	1	6	0
311	4880772	6	8	5	1	6	0
312	26032702	18	2	4	1	6	0
313	25224624	73	5	7	2	30	0
314	1513888	6	3	1	1	3	0
315	64836807	15	3	5	1	13	0
316	11421732	24	13	12	3	17	0
317	11985305	5	2	1	1	3	0
318	492461	2	1	1	1	1	0
319	15025776	10	4	2	1	15	0
320	12844255	7	2	5	1	6	0
321	21891733	1	1	1	1	2	0
322	21249486	22	10	7	3	9	0
323	29791277	33	37	25	5	193	0
324	907037	2	1	1	1	4	0
325	803376	4	1	1	1	1	0
326	12616296	2	1	1	1	2	0
327	643983	1	1	1	1	1	0
328	517288	2	1	1	1	1	0
329	13262692	90	2	4	1	39	0
330	10771150	84	36	24	4	40	0
331	7217340	13	1	1	1	6	0
332	7813643	57	6	12	2	10	0
333	273208	2	1	1	1	2	0
334	27005398	7	1	1	1	6	0
335	56722099	40	4	8	1	8	0
336	702895	18	1	1	1	3	0
337	23877258	9	1	2	1	9	0
338	35634662	35	19	15	1	13	0
339	28187613	12	1	1	1	18	0
340	41146289	30	11	12	4	19	0
341	20919845	26	16	11	2	12	0
342	285841	3	1	1	1	6	0
343	42823853	5	2	1	1	10	0
344	939896	5	1	1	1	1	0
345	4951407	18	9	8	2	8	0
346	4059548	6	2	1	1	4	0
347	35602491	80	7	6	3	18	0
348	3597511	7	3	1	1	5	0
349	18259964	3	1	1	1	3	0
350	10748605	73	1	1	1	9	0
351	14892268	6	1	1	1	3	0
352	1001559	18	1	1	1	4	0
353	11610875	4	1	2	1	14	0
354	1716511	4	1	1	1	2	0
355	3455397	4	2	1	1	4	0
356	422961	10	2	1	1	5	0
357	267812	1	1	1	1	1	0
358	6042932	39	17	10	2	38	0
359	32848493	64	1	1	1	23	0
360	25928116	49	2	2	1	6	0
361	70360303	569	120	60	22	53	0
362	46543825	15	3	6	1	17	0
363	845515	5	1	1	1	2	0
364	604022	3	1	2	1	5	0
365	38254850	107	14	13	3	45	0
366	9472186	3	1	1	1	2	0
367	323093	1	1	1	1	1	0
368	9472184	3	1	1	1	2	0
369	26699660	6	1	5	1	1	0
370	954976	9	1	1	1	2	0
371	27212605	18	10	5	3	11	0
372	42264828	11	1	1	1	5	0
373	65297826	7	3	4	1	14	0
374	16874893	52	9	8	4	10	0
375	15710255	66	1	2	1	10	0
376	17430258	1	1	1	1	5	0
377	3894777	12	1	1	1	5	0
378	11180706	6	1	1	1	5	0
379	755154	6	1	1	1	1	0
380	217011	6	1	1	1	1	0
381	721763	4	1	1	1	4	0
382	1608615	12	1	1	1	7	0
383	40255089	13	3	3	2	7	0
384	46934200	33	3	4	1	13	0
385	13957167	17	8	11	2	11	0
386	626367	1	1	1	1	3	0
387	222687	2	1	1	1	2	0
388	27539574	14	8	4	2	17	0
389	24715908	14	2	1	1	9	0
390	1359347	6	1	1	1	5	0
391	3316777	4	2	3	1	6	0
392	10523961	6	1	1	1	9	0
393	400646	25	2	1	1	7	0
394	27700708	170	21	25	3	28	0
395	17301876	8	2	1	1	2	0
396	548793	3	1	1	1	2	0
397	16306628	7	2	5	1	4	0
398	55947796	33	2	1	1	5	0
399	404601	6	1	1	1	6	0
400	307825	4	1	1	1	2	0
401	48964	3	1	1	1	1	0
402	25174405	68	31	17	8	24	0
403	13683526	2	1	1	1	7	0
404	1440330	10	2	2	1	4	0
405	23098914	84	33	34	3	54	0
406	23972629	4	1	1	1	2	0
407	184142	1	1	1	1	1	0
408	12438826	4	1	1	1	4	0
409	1692427	6	11	15	3	42	0
410	14754046	87	43	22	9	34	0
411	45604172	127	12	5	6	22	0
412	21432775	3	2	6	1	13	0
413	79973203	61	7	13	3	10	0
414	45445348	46	6	3	1	16	0
415	9472050	3	1	1	1	2	0
416	289240	4	1	1	1	1	0
417	6104179	79	11	13	1	33	0
418	9472122	3	1	1	1	2	0
419	160231	4	1	1	1	2	0
420	720398	8	1	4	1	10	0
421	2334223	31	1	1	1	16	0
422	36199374	139	19	24	8	17	0
423	26693108	8	3	2	2	17	0
424	20452510	103	9	6	3	8	0
425	765768	7	1	1	1	3	0
426	1007164	3	1	1	1	1	0
427	45024123	20	17	5	4	22	0
428	50319703	10	1	1	1	8	0
429	772675	3	1	1	1	9	0
430	15083636	7	1	1	1	7	0
431	435102	5	1	1	1	6	0
432	1009997	30	1	1	1	3	0
433	9640544	40	2	2	1	21	0
434	738225	13	1	1	1	3	0
435	56938029	5	5	3	1	10	0
436	21361102	13	3	6	1	8	0
437	325407	4	1	2	1	5	0
438	24831497	118	79	54	4	64	0
439	34353761	45	3	4	1	6	0
440	4530473	11	1	1	1	5	0
441	9472168	3	1	1	1	2	0
442	25058304	18	1	1	3	12	0
443	9918611	37	27	19	5	61	0
444	18515708	5	1	1	1	7	0
445	15180600	4	1	1	1	6	0
446	13918227	18	1	1	1	2	0
447	14140863	14	2	1	1	9	0
448	19692164	26	6	9	1	10	0
449	5099608	33	12	11	5	16	0
450	289923	2	1	1	1	1	0
451	30690138	245	3	2	1	15	0
452	4425160	5	1	1	1	9	0
453	70741219	11	1	1	1	9	0
454	22310105	4	1	1	1	5	0
455	606025	3	1	2	1	5	0
456	2919989	133	1	1	1	5	0
457	16534325	4	1	1	1	3	0
458	12213650	2	1	1	1	2	0
459	833953	4	1	1	1	1	0
460	29489587	22	2	3	1	6	0
461	22205924	6	1	5	1	1	0
462	322407	2	1	1	1	1	0
463	37919093	10	3	5	1	12	0
464	20897261	10	4	5	1	6	0
465	21886880	6	1	1	1	4	0
466	730305	7	1	1	1	5	0
467	68864602	39	4	5	1	12	0
468	21055427	51	67	20	16	41	0
469	52210751	12	9	7	2	27	0
470	3261343	6	3	4	1	5	0
471	4952500	42	5	5	3	18	0
472	31239460	5	1	1	1	4	0
473	214680	5	1	2	1	4	0
474	530357	10	5	1	1	12	0
475	1023437	3	1	1	1	2	0
476	23265023	23	1	1	1	1	0
477	6401913	14	1	1	1	3	0
478	30034	1	1	1	1	1	0
479	34014910	33	3	3	1	12	0
480	51187275	31	3	2	1	15	0
481	12188976	1	1	1	1	5	0
482	17184626	29	4	5	1	15	0
483	19513878	1	1	1	1	2	0
484	20326201	5	2	3	1	5	0
485	99582127	29	6	11	1	14	0
486	16215945	14	2	1	1	9	0
487	193803	12	1	1	1	8	0
488	21205685	1	1	1	1	3	0
489	62212691	35	3	5	2	11	0
490	608620	1	1	1	1	2	0
491	15129226	11	1	1	1	8	0
492	85508	4	1	1	1	3	0
493	27341432	7	1	1	1	6	0
494	14508790	1	1	1	1	1	0
495	36400751	5	1	1	1	1	0
496	42797459	2	2	2	1	14	0
497	29339606	1	1	1	1	2	0
498	11250414	7	1	1	1	5	0
499	1633627	3	3	11	1	31	1
500	44115	1	2	2	1	9	1
501	1835273	22	3	5	1	36	1
502	1930975	3	2	6	1	9	1
503	35789	1	1	1	1	1	1
504	363673	4	1	1	1	16	1
505	305519	3	1	4	1	9	1
506	477640	3	1	4	1	9	1
507	62098	1	1	2	1	6	1
508	2839661	25	7	1	1	39	1
509	731728	7	1	1	1	10	1
510	1274841	8	5	4	1	39	1
511	477011	3	1	4	1	9	1
512	1434961	12	1	1	1	13	1
513	53654	4	1	3	1	11	1
514	1146910	7	1	2	1	12	1
515	338020	13	2	3	1	12	1
516	1282468	3	1	1	1	6	1
517	49486	1	2	2	1	9	1
518	49495	1	2	2	1	9	1
519	1744073	12	1	1	1	14	1
520	2081329	9	3	6	1	28	1
521	1776993	23	3	5	1	37	1
522	258752	4	2	1	1	25	1
523	2975424	10	1	1	1	6	1
524	1852474	23	3	5	1	37	1
525	477048	3	2	1	1	9	1
526	1115853	8	1	1	1	8	1
527	75219	1	2	2	1	9	1
528	87885	3	3	8	1	13	1
529	3203927	46	2	3	1	24	1
530	500230	4	1	3	1	6	1
531	1617229	32	1	1	1	19	1
532	1741059	23	3	5	1	37	1
533	1693558	23	3	5	1	37	1
534	419015	4	2	1	1	24	1
535	250468	3	1	1	1	6	1
536	46026	1	2	2	1	9	1
537	554407	9	1	1	1	12	1
538	6174589	6	2	3	1	19	1
539	1429723	12	4	5	1	26	1
540	1600335	23	3	5	1	37	1
541	1054742	3	1	2	1	7	1
542	2450555	10	2	5	1	6	1
543	2747301	25	7	1	1	39	1
544	3525542	25	7	1	1	39	1
545	18620	1	1	4	1	12	1
546	1772784	26	3	5	1	39	1
547	1840494	26	3	5	1	39	1
548	172590	1	1	1	1	15	1
549	1340178	16	1	2	1	11	1
550	1825394	26	3	5	1	39	1
551	46103	1	2	2	1	9	1
552	1896267	26	3	5	1	39	1
553	1846032	26	3	5	1	39	1
554	1477155	5	2	4	1	8	1
555	1345646	1	2	5	1	9	1
556	246619	3	1	7	1	12	1
557	1623125	32	1	1	1	19	1
558	837044	6	1	3	1	16	1
559	1611929	32	1	1	1	19	1
560	184168	3	1	1	1	6	1
561	49234	1	2	2	1	9	1
562	413097	3	1	4	1	9	1
563	1798702	25	4	6	1	30	1
564	731744	6	1	2	1	5	1
565	702807	4	1	1	1	13	1
566	477707	3	1	4	1	9	1
567	49212	1	2	2	1	9	1
568	1548775	13	1	1	1	11	1
569	62642	1	1	2	1	6	1
570	727352	9	3	6	1	46	1
571	477032	3	1	4	1	9	1
572	10780508	10	3	2	1	40	1
573	94392	4	1	2	1	10	1
574	53297	1	1	2	1	6	1
575	653377	13	1	1	1	9	1
576	2596045	12	4	7	1	26	1
577	1932316	4	1	1	1	10	1
578	1634062	3	3	6	1	13	1
579	1810045	24	3	5	1	29	1
580	47173	1	2	2	1	9	1
581	1747462	11	1	1	1	8	1
582	1878095	26	3	5	1	39	1
583	1701293	32	1	1	1	19	1
584	2633623	6	1	1	1	10	1
585	1391046	10	1	3	1	10	1
586	2755175	28	3	6	1	53	1
587	3104903	35	3	4	1	21	1
588	1762153	23	3	5	1	37	1
589	1435974	2	1	1	1	7	1
590	95918	4	1	2	1	10	1
591	62012	1	1	2	1	6	1
592	1639964	32	1	1	1	19	1
593	477024	3	1	4	1	9	1
594	477662	3	1	4	1	9	1
595	1393655	38	3	5	1	16	1
596	1911748	3	3	10	1	31	1
597	87076	1	1	4	1	5	1
598	186390	1	1	2	1	18	1
599	2899457	4	1	1	1	10	1
600	70292	1	2	2	1	9	1
601	785215	4	1	1	1	7	1
602	35794	1	1	1	1	1	1
603	477059	3	1	4	1	9	1
604	163680	3	1	1	1	6	1
605	240785	3	1	1	1	10	1
606	400306	16	2	6	1	13	1
607	61970	1	1	2	1	6	1
608	1557166	16	1	1	1	9	1
609	799717	16	3	7	1	17	1
610	2061599	15	6	12	1	19	1
611	247597	9	1	4	1	11	1
612	1294446	5	2	3	1	9	1
613	49238	1	2	2	1	9	1
614	367715	1	1	3	1	20	1
615	1780969	23	3	5	1	37	1
616	5071185	31	4	4	1	16	1
617	1045993	2	1	4	1	23	1
618	1807087	22	3	5	1	36	1
619	138864	5	1	3	1	11	1
620	176477	3	1	4	1	9	1
621	2254111	3	3	7	1	31	1
622	477641	3	1	4	1	9	1
623	923474	1	1	1	1	5	1
624	477651	3	1	4	1	9	1
625	324858	5	1	1	1	11	1
626	49221	1	2	2	1	9	1
627	162543	5	1	3	1	11	1
628	1019718	6	1	2	1	5	1
629	305570	3	1	4	1	9	1
630	1222104	2	1	1	1	8	1
631	62097	1	1	2	1	6	1
632	506587	5	1	1	1	6	1
633	1744025	11	1	1	1	9	1
634	558207	1	1	4	1	28	1
635	1813264	12	1	1	1	14	1
636	1833645	22	3	5	1	36	1
637	351589	3	1	4	1	11	1
638	2227625	19	2	1	1	16	1
639	1839270	26	3	5	1	39	1
640	179125	3	1	2	1	12	1
641	1710115	3	1	4	1	8	1
642	79106	1	1	2	1	10	1
643	656620	6	1	1	1	4	1
644	2714761	36	8	5	1	17	1
645	5791418	59	1	1	1	24	1
646	1304533	4	4	6	1	26	1
647	928924	2	2	5	1	24	1
648	1741164	9	2	4	1	52	1
649	79104	1	1	2	1	10	1
650	17848644	4	3	3	1	9	1
651	912499	4	1	1	1	12	1
652	1286054	2	1	1	1	7	1
653	817342	4	2	6	1	10	1
654	10659646	5	1	3	1	9	1
655	603938	6	2	1	1	21	1
656	1770402	25	4	6	1	30	1
657	139839	4	1	1	1	11	1
658	477023	3	1	4	1	9	1
659	1854248	26	3	5	1	39	1
660	246618	3	1	7	1	12	1
661	305532	3	1	4	1	9	1
662	715801	4	2	6	1	10	1
663	982370	9	1	1	1	9	1
664	1794719	19	3	1	1	10	1
665	57331	1	1	2	1	6	1
666	744375	3	1	1	1	31	1
667	2091071	26	3	5	1	39	1
668	484805	5	2	1	1	24	1
669	1009566	3	3	6	1	12	1
670	1008835	8	4	7	1	29	1
671	477683	3	1	4	1	9	1
672	61967	1	1	2	1	6	1
673	840477	5	1	4	1	16	1
674	183060	3	1	4	1	10	1
675	1878004	23	3	5	1	37	1
676	1809461	23	3	5	1	37	1
677	711595	8	5	5	1	21	1
678	3329829	9	3	3	1	19	1
679	1343522	3	1	1	1	13	1
680	46117	1	2	2	1	9	1
681	53968	4	1	3	1	10	1
682	241012	3	1	4	1	9	1
683	1707809	3	1	3	1	9	1
684	4104826	8	1	1	1	4	1
685	1763064	23	3	5	1	37	1
686	2526480	23	3	4	1	36	1
687	49308	4	1	1	1	4	1
688	2230416	20	3	4	1	25	1
689	1572501	8	1	1	1	7	1
690	542733	6	1	1	1	9	1
691	1627740	32	1	1	1	19	1
692	1986121	19	2	6	1	19	1
693	605681	3	4	3	1	26	1
694	1537596	7	7	4	1	25	1
695	88957	4	1	2	1	10	1
696	79744	3	1	1	1	12	1
697	477038	3	1	4	1	9	1
698	1092289	10	3	3	1	18	1
699	1886709	26	3	5	1	39	1
700	2402953	25	7	1	1	39	1
701	891021	13	6	5	1	47	1
702	1633281	7	1	1	1	7	1
703	211999	5	2	4	1	13	1
704	187811	2	1	4	1	14	1
705	859439	6	1	1	1	4	1
706	49241	1	2	2	1	9	1
707	1600334	23	3	5	1	37	1
708	394772	9	1	4	1	7	1
709	1132580	17	1	1	1	14	1
710	1815709	25	4	6	1	30	1
711	477050	3	1	4	1	9	1
712	2974095	24	9	6	1	18	1
713	16995526	4	1	2	1	6	1
714	967763	5	2	6	1	16	1
715	477625	3	1	4	1	9	1
716	620180	4	1	1	1	5	1
717	698085	12	6	6	1	39	1
718	49930	4	1	3	1	11	1
719	1756501	24	3	5	1	29	1
720	397049	1	1	1	1	15	1
721	758822	10	1	1	1	8	1
722	1640920	32	1	1	1	19	1
723	1805741	26	3	5	1	39	1
724	185755	3	1	1	1	6	1
725	1379230	10	1	2	1	8	1
726	96165	3	1	1	1	13	1
727	477659	3	1	4	1	9	1
728	256333	7	1	4	1	11	1
729	477671	3	1	4	1	9	1
730	1306154	5	2	3	1	9	1
731	1678051	26	3	5	1	39	1
732	1469759	2	4	6	1	25	1
733	2359116	10	2	3	1	37	1
734	1844323	13	1	1	1	19	1
735	2553035	11	5	5	1	11	1
736	57242	1	1	2	1	6	1
737	36680	4	1	2	1	12	1
738	2796801	28	3	6	1	53	1
739	926927	6	1	1	1	7	1
740	53250	1	1	2	1	6	1
741	930885	5	2	6	1	13	1
742	1171858	9	2	4	1	20	1
743	1896804	14	4	6	1	36	1
744	979549	5	4	7	1	25	1
745	993176	18	1	1	1	5	1
746	1547235	13	1	2	1	10	1
747	1986123	5	1	1	1	11	1
748	2146781	25	7	1	1	39	1
749	770515	4	2	6	1	10	1
750	2153362	21	2	2	1	19	1
751	798317	4	1	1	1	10	1
752	1868055	26	3	5	1	39	1
753	1793225	32	1	1	1	19	1
754	51799	4	1	1	1	4	1
755	477667	3	1	4	1	9	1
756	1762734	5	3	3	1	28	1
757	591549	3	1	4	1	7	1
758	166268	3	1	1	1	12	1
759	57290	1	1	2	1	6	1
760	1005096	2	1	5	1	4	1
761	46117	1	2	2	1	9	1
762	266035	3	1	1	1	10	1
763	1458467	8	2	9	1	33	1
764	2685347	36	8	5	1	17	1
765	928560	2	1	2	1	6	1
766	477654	3	1	4	1	9	1
767	50204	4	1	3	1	11	1
768	255205	1	2	5	1	9	1
769	26248802	8	4	4	1	29	1
770	12629049	14	3	3	1	26	1
771	1771692	23	3	5	1	37	1
772	538197	11	2	2	1	14	1
773	1171847	12	1	1	1	9	1
774	57412	1	1	2	1	6	1
775	367755	4	1	1	1	16	1
776	8318943	11	1	1	1	14	1
777	477610	3	1	4	1	9	1
778	729408	4	4	6	1	26	1
779	2265966	12	6	5	1	23	1
780	2319008	3	1	4	1	9	1
781	1854851	26	3	5	1	39	1
782	49999	4	1	3	1	11	1
783	5963876	8	1	4	1	51	1
784	1061628	8	11	6	1	58	1
785	434645	3	1	4	1	9	1
786	1201191	5	4	5	1	25	1
787	1676736	7	1	5	1	8	1
788	2890857	62	1	1	1	11	1
789	2075438	22	8	4	1	47	1
790	28160	1	1	1	1	10	1
791	172986	1	1	1	1	15	1
792	1845302	26	3	5	1	39	1
793	370097	3	1	4	1	9	1
794	96167	3	1	1	1	13	1
795	742174	31	1	1	1	12	1
796	6626909	18	2	3	1	28	1
797	157643	1	1	4	1	8	1
798	392686	6	5	3	1	30	1
799	46084	1	2	2	1	9	1
800	957376	6	1	1	1	4	1
801	218152	3	1	2	1	13	1
802	58448	1	1	1	1	6	1
803	4118408	24	3	6	1	28	1
804	418498	4	1	4	1	9	1
805	629557	8	2	5	1	18	1
806	1304548	5	2	3	1	9	1
807	257023	3	1	2	1	13	1
808	1703575	24	3	5	1	29	1
809	1312409	10	3	3	1	18	1
810	238999	3	1	2	1	13	1
811	2746724	14	3	1	1	19	1
812	95642	4	1	2	1	10	1
813	2752480	25	7	1	1	39	1
814	1258624	17	4	7	1	24	1
815	1239298	17	1	1	1	11	1
816	1886516	26	3	5	1	39	1
817	10860584	20	1	1	1	7	1
818	223574	2	2	1	1	8	1
819	3292258	7	3	4	1	25	1
820	1841905	22	3	5	1	36	1
821	347591	6	1	1	1	10	1
822	1164448	25	1	1	1	9	1
823	3308163	5	2	3	1	18	1
824	1738483	32	1	1	1	19	1
825	283470	3	1	4	1	9	1
826	1445073	12	1	1	1	18	1
827	477688	3	1	4	1	9	1
828	11082128	5	1	1	1	14	1
829	3764751	8	1	1	1	4	1
830	322012	1	1	1	1	15	1
831	2595490	4	1	1	1	13	1
832	28297	1	1	1	1	10	1
833	49499	1	2	2	1	9	1
834	5472703	16	1	1	1	14	1
835	1124981	10	1	6	1	20	1
836	966767	5	1	1	1	12	1
837	814627	6	1	1	1	3	1
838	1733778	23	3	5	1	37	1
839	6675052	47	4	4	1	18	1
840	2006226	18	1	1	1	11	1
841	99792	4	1	2	1	10	1
842	2797600	8	3	1	1	9	1
843	477061	3	1	4	1	9	1
844	2049883	5	1	1	1	13	1
845	143750	6	1	1	1	9	1
846	1419858	2	1	2	1	6	1
847	477649	3	1	4	1	9	1
848	1473178	4	3	5	1	18	1
849	806155	4	1	1	1	6	1
850	1799109	26	3	5	1	39	1
851	53298	1	1	2	1	6	1
852	2703996	13	3	1	1	19	1
853	774342	7	1	1	1	6	1
854	1100992	9	1	1	1	8	1
855	974414	17	1	3	1	7	1
856	2122595	15	10	6	1	55	1
857	1285521	12	4	7	1	26	1
858	2495915	4	3	7	1	24	1
859	1644644	10	1	1	1	9	1
860	8153558	9	1	3	1	5	1
861	1728378	13	1	1	1	19	1
862	483764	5	2	5	1	11	1
863	733251	17	7	3	1	19	1
864	1716464	23	3	5	1	37	1
865	548950	3	1	1	1	17	1
866	1768558	4	3	4	1	29	1
867	3565512	3	2	4	1	13	1
868	449192	12	1	1	1	14	1
869	95531	4	1	2	1	10	1
870	964243	7	1	4	1	12	1
871	1165765	4	3	3	1	22	1
872	242717	4	1	1	1	12	1
873	53661	4	1	3	1	11	1
874	558683	1	1	4	1	28	1
875	1812890	23	3	5	1	37	1
876	1011758	8	2	3	1	21	1
877	49214	1	2	2	1	9	1
878	119555	3	1	1	1	6	1
879	20130704	10	2	1	1	21	1
880	4727502	5	2	5	1	25	1
881	62638	1	1	2	1	6	1
882	1818955	25	4	6	1	30	1
883	183403	3	1	1	1	6	1
884	44076	1	2	2	1	9	1
885	61965	1	1	2	1	6	1
886	532513	7	3	7	1	27	1
887	95916	4	1	2	1	10	1
888	62103	1	1	2	1	6	1
889	6353024	16	3	3	1	14	1
890	752082	7	1	4	1	14	1
891	938583	2	2	5	1	26	1
892	2797319	8	1	1	1	4	1
893	18766	1	1	4	1	12	1
894	49997	4	1	3	1	11	1
895	1875321	7	4	2	1	19	1
896	184126	3	1	1	1	6	1
897	413110	3	1	4	1	9	1
898	477037	3	1	4	1	9	1
899	198061	1	1	2	1	18	1
900	48871	1	1	1	1	6	1
901	1522849	15	5	7	1	20	1
902	1002371	6	1	2	1	5	1
903	1510143	5	1	1	1	14	1
904	1617003	32	1	1	1	19	1
905	918235	2	1	1	1	6	1
906	205254	1	1	4	1	8	1
907	1194054	3	1	1	1	6	1
908	1537999	23	3	5	1	37	1
909	1692266	2	3	5	1	24	1
910	2238419	19	3	8	1	21	1
911	819293	4	1	2	1	10	1
912	476958	3	1	4	1	9	1
913	901367	6	2	8	1	24	1
914	754041	6	1	1	1	7	1
915	942434	7	1	1	1	5	1
916	193297	3	1	2	1	13	1
917	48829	1	1	1	1	6	1
918	53551	1	1	1	1	6	1
919	62094	1	1	2	1	6	1
920	4219421	16	4	7	1	17	1
921	44061	1	2	2	1	9	1
922	476037	2	2	6	1	16	1
923	1352396	9	2	1	1	13	1
924	117209	3	4	8	1	12	1
925	49498	1	2	2	1	9	1
926	1163392	6	3	2	1	20	1
927	62094	1	1	2	1	6	1
928	1641172	23	4	2	1	10	1
929	844282	8	1	2	1	18	1
930	1881834	22	3	5	1	36	1
931	581781	10	2	1	1	13	1
932	477649	3	1	4	1	9	1
933	284396	3	3	2	1	27	1
934	1862855	5	1	1	1	11	1
935	326849	6	1	1	1	7	1
936	1824346	26	3	5	1	39	1
937	346554	1	1	2	1	17	1
938	885781	5	5	8	1	13	1
939	555754	10	2	1	1	12	1
940	148303	4	2	4	1	14	1
941	481190	1	1	4	1	28	1
942	576880	9	1	1	1	8	1
943	899043	5	4	4	1	12	1
944	477672	3	1	4	1	9	1
945	53292	1	1	2	1	6	1
946	2793291	3	4	8	1	13	1
947	1775480	23	3	5	1	37	1
948	477655	3	1	4	1	9	1
949	982310	7	3	4	1	12	1
950	524231	3	1	4	1	7	1
951	1829705	23	4	5	1	37	1
952	477657	3	1	4	1	9	1
953	372800	7	2	6	1	15	1
954	767514	9	1	4	1	13	1
955	1773708	26	3	5	1	39	1
956	660340	21	1	1	1	8	1
957	1716142	26	3	5	1	39	1
958	60676	1	1	2	1	6	1
959	143273	2	1	1	1	6	1
960	1965608	15	3	6	1	11	1
961	154274	1	1	5	1	8	1
962	770665	4	2	6	1	10	1
963	795165	3	2	5	1	12	1
964	1223294	9	1	1	1	11	1
965	1658020	11	2	4	1	28	1
966	1840391	26	3	5	1	39	1
967	1935933	22	1	3	1	36	1
968	2339707	19	2	1	1	16	1
969	1739544	4	2	6	1	10	1
970	4677727	14	5	5	1	23	1
971	53297	1	1	2	1	6	1
972	4935712	19	3	2	1	17	1
973	1251321	5	2	3	1	9	1
974	1877604	26	3	5	1	39	1
975	950775	7	2	1	1	25	1
976	3280380	4	1	1	1	12	1
977	477652	3	1	4	1	9	1
978	687359	10	1	1	1	5	1
979	1607024	12	1	1	1	14	1
980	2185061	17	5	7	1	28	1
981	1360277	4	3	3	1	22	1
982	4880937	25	7	1	1	39	1
983	1189393	7	3	5	1	23	1
984	1677958	24	3	5	1	29	1
985	1545659	4	3	3	1	22	1
986	1652265	23	3	5	1	37	1
987	1362435	9	1	1	1	13	1
988	1090979	8	4	3	1	36	1
989	1097415	4	2	4	1	14	1
990	269761	1	1	2	1	18	1
991	2129346	5	1	1	1	11	1
992	1078850	10	2	6	1	13	1
993	775239	11	1	2	1	10	1
994	262566	3	1	4	1	9	1
995	1465538	13	4	6	1	19	1
996	285695	5	2	4	1	24	1
997	1568593	23	3	5	1	37	1
998	456843	5	1	1	1	13	1
